Timestamp,Selected_Type,Final_Result,Switch,Button1,Button2,Button3,Symbol1,Symbol2,Symbol3
2026-05-06 15:03:11,grey,NG,Grey_Switch,Grey_Button,Grey_Button,Grey_Button,Symbol1,,Symbol3
2026-05-06 15:03:21,grey,OK,Grey_Switch,Grey_Button,Grey_Button,Grey_Button,Symbol1,Symbol2,Symbol3
2026-05-06 15:03:31,black,NG,Grey_Switch,Grey_Button,Grey_Button,Grey_Button,Symbol1,Symbol2,Symbol3
2026-05-06 15:07:53,black,NG,Grey_Switch,Grey_Button,Grey_Button,Grey_Button,Symbol1,,Symbol3
2026-05-06 15:08:33,black,NG,Grey_Switch,Grey_Button,Grey_Button,Grey_Button,Symbol1,,Symbol3
2026-05-06 15:09:41,black,NG,Grey_Switch,Grey_Button,Grey_Button,Grey_Button,Symbol1,,Symbol3
2026-05-07 10:44:51,grey,OK,Grey_Switch,Grey_Button,Grey_Button,Grey_Button,Symbol1,Symbol2,Symbol3
2026-05-07 10:52:40,black,OK,Black_Switch,Black_Button,Black_Button,Black_Button,Symbol1,Symbol2,Symbol3
2026-05-07 10:52:54,black,NG,Brown_Switch,Brown_Button,Brown_Button,Brown_Button,Symbol1,Symbol2,Symbol3
2026-05-07 10:53:11,brown,NG,Brown_Switch,Brown_Button,Brown_Button,Brown_Button,Symbol1,Symbol2,Symbol3
2026-05-07 10:53:15,brown,NG,Brown_Switch,Brown_Button,Brown_Button,Brown_Button,Symbol1,Symbol2,Symbol3
2026-05-07 10:54:39,black,NG,Brown_Switch,Brown_Button,Brown_Button,Brown_Button,Symbol1,Symbol2,Symbol3
2026-05-07 10:54:43,brown,OK,Brown_Switch,Brown_Button,Brown_Button,Brown_Button,Symbol1,Symbol2,Symbol3
2026-05-09 11:28:45,black,NG,Black_Switch,Black_Button,Black_Button,Black_Button,Symbol1,Symbol2,Symbol3
2026-05-09 11:29:31,black,NG,Grey_Switch,Grey_Button,Grey_Button,Grey_Button,Symbol1,,
2026-05-09 11:29:39,black,NG,Black_Switch,Black_Button,Black_Button,Black_Button,Symbol1,Symbol2,Symbol3
2026-05-09 11:30:25,black,NG,Black_Switch,Black_Button,Black_Button,Black_Button,Symbol1,,Symbol3
2026-05-09 11:30:32,black,OK,Black_Switch,Black_Button,Black_Button,Black_Button,Symbol1,Symbol2,Symbol3
2026-05-09 11:30:56,black,OK,Black_Switch,Black_Button,Black_Button,Black_Button,Symbol1,Symbol2,Symbol3
2026-05-09 11:31:02,black,OK,Black_Switch,Black_Button,Black_Button,Black_Button,Symbol1,Symbol2,Symbol3
2026-05-09 11:31:10,black,NG,Black_Switch,Black_Button,Black_Button,,Symbol1,Symbol2,
2026-05-09 11:31:17,black,NG,Black_Switch,Black_Button,Black_Button,Black_Button,Symbol1,Symbol2,
2026-05-09 11:31:25,black,NG,Black_Switch,Black_Button,Black_Button,Black_Button,Symbol1,,Symbol3
2026-05-09 11:31:30,black,NG,Black_Switch,Black_Button,Black_Button,Black_Button,,Symbol2,Symbol3
2026-05-09 11:31:41,brown,NG,Black_Switch,Black_Button,Black_Button,Black_Button,Symbol1,Symbol2,Symbol3
2026-05-09 11:31:49,grey,NG,Black_Switch,Black_Button,Black_Button,Black_Button,Symbol1,Symbol2,Symbol3
2026-05-09 11:31:59,black,OK,Black_Switch,Black_Button,Black_Button,Black_Button,Symbol1,Symbol2,Symbol3
