epoch,time,train/box_loss,train/cls_loss,train/dfl_loss,metrics/precision(B),metrics/recall(B),metrics/mAP50(B),metrics/mAP50-95(B),val/box_loss,val/cls_loss,val/dfl_loss,lr/pg0,lr/pg1,lr/pg2
1,71.4832,0.84317,3.1912,1.11409,0.81594,0.14953,0.53227,0.49075,0.59336,2.96132,0.84703,0.000252061,0.000252061,0.000252061
2,141.939,0.63729,1.85278,0.97769,0.70265,0.81481,0.88578,0.83349,0.46531,1.44214,0.80264,0.000498328,0.000498328,0.000498328
3,212.386,0.59175,1.28913,0.96362,0.85199,1,0.995,0.91629,0.50484,0.92302,0.8258,0.000734445,0.000734445,0.000734445
4,282.365,0.5336,0.97128,0.9465,0.98606,1,0.995,0.95741,0.40393,0.76265,0.78972,0.000723321,0.000723321,0.000723321
5,352.775,0.49279,0.80518,0.91924,0.98683,1,0.995,0.94982,0.37989,0.70734,0.79344,0.000708095,0.000708095,0.000708095
6,419.589,0.4409,0.71094,0.90327,0.98633,1,0.995,0.9558,0.34647,0.65791,0.78253,0.000692869,0.000692869,0.000692869
7,486.9,0.41673,0.65844,0.89034,0.99069,1,0.995,0.9668,0.31763,0.61068,0.76948,0.000677643,0.000677643,0.000677643
8,555.545,0.38381,0.61979,0.88382,0.99565,1,0.995,0.98644,0.29274,0.57212,0.75432,0.000662417,0.000662417,0.000662417
9,624.632,0.35458,0.55762,0.86192,0.99586,1,0.995,0.97581,0.26033,0.53882,0.7438,0.00064719,0.00064719,0.00064719
10,692.027,0.33021,0.54065,0.86081,0.99623,1,0.995,0.97419,0.27613,0.50079,0.74474,0.000631964,0.000631964,0.000631964
11,759.396,0.31043,0.50873,0.84966,0.99767,1,0.995,0.97968,0.24616,0.49919,0.74033,0.000616738,0.000616738,0.000616738
12,827.29,0.28515,0.48293,0.84257,0.99123,1,0.995,0.98887,0.20497,0.50304,0.73216,0.000601512,0.000601512,0.000601512
13,896.466,0.28951,0.47645,0.85005,0.9977,1,0.995,0.98887,0.2201,0.46316,0.73412,0.000586286,0.000586286,0.000586286
14,966.142,0.28747,0.47505,0.8422,0.99768,1,0.995,0.98887,0.21801,0.46309,0.72686,0.000571059,0.000571059,0.000571059
15,1035.71,0.27209,0.4521,0.84767,0.99772,1,0.995,0.98581,0.23559,0.46045,0.73087,0.000555833,0.000555833,0.000555833
16,1129.66,0.26865,0.4447,0.8406,0.99588,1,0.995,0.995,0.20899,0.44723,0.72547,0.000540607,0.000540607,0.000540607
17,1221.63,0.25941,0.4398,0.83957,0.99699,1,0.995,0.99011,0.20399,0.42895,0.72414,0.000525381,0.000525381,0.000525381
18,1306.96,0.25074,0.41564,0.83672,0.99765,1,0.995,0.995,0.19638,0.42731,0.72392,0.000510155,0.000510155,0.000510155
19,1378.41,0.24494,0.40456,0.83153,0.99786,1,0.995,0.995,0.21034,0.4042,0.72918,0.000494928,0.000494928,0.000494928
20,1449.62,0.24192,0.40411,0.8355,0.99688,1,0.995,0.99011,0.20489,0.44526,0.73022,0.000479702,0.000479702,0.000479702
21,1518.71,0.23335,0.39195,0.83349,0.9977,1,0.995,0.995,0.16704,0.39263,0.72464,0.000464476,0.000464476,0.000464476
22,1590.67,0.21683,0.39252,0.83551,0.99822,1,0.995,0.99211,0.18213,0.37199,0.72909,0.00044925,0.00044925,0.00044925
23,1658.73,0.21309,0.38058,0.82434,0.99792,1,0.995,0.995,0.17405,0.38172,0.72363,0.000434024,0.000434024,0.000434024
24,1730.63,0.2159,0.3803,0.83223,0.99778,1,0.995,0.995,0.15137,0.39358,0.71134,0.000418797,0.000418797,0.000418797
25,1803.97,0.20562,0.36098,0.82386,0.99799,1,0.995,0.995,0.16063,0.37872,0.71456,0.000403571,0.000403571,0.000403571
26,1873.06,0.21829,0.37275,0.83397,0.99681,1,0.995,0.995,0.17044,0.38232,0.71372,0.000388345,0.000388345,0.000388345
27,1944.44,0.2003,0.35058,0.8214,0.99811,1,0.995,0.995,0.14447,0.37798,0.71552,0.000373119,0.000373119,0.000373119
28,2015.81,0.19451,0.35282,0.82348,0.99812,1,0.995,0.995,0.14222,0.36592,0.71688,0.000357893,0.000357893,0.000357893
29,2087.07,0.19465,0.35079,0.82473,0.99786,1,0.995,0.995,0.13499,0.35545,0.71673,0.000342666,0.000342666,0.000342666
30,2158.51,0.18932,0.33387,0.81924,0.99764,1,0.995,0.995,0.13249,0.34865,0.71612,0.00032744,0.00032744,0.00032744
31,2230.84,0.18986,0.33894,0.82599,0.99801,1,0.995,0.995,0.13293,0.34325,0.71387,0.000312214,0.000312214,0.000312214
32,2304.26,0.18368,0.33407,0.83093,0.99805,1,0.995,0.995,0.12395,0.33704,0.70955,0.000296988,0.000296988,0.000296988
33,2375.22,0.18016,0.33016,0.82132,0.99814,1,0.995,0.995,0.12688,0.34133,0.71365,0.000281762,0.000281762,0.000281762
34,2477.71,0.17685,0.318,0.81368,0.99796,1,0.995,0.995,0.13006,0.33895,0.71383,0.000266535,0.000266535,0.000266535
35,2549.71,0.17317,0.3086,0.81744,0.99846,1,0.995,0.995,0.13074,0.32548,0.71286,0.000251309,0.000251309,0.000251309
36,2620.86,0.17904,0.32398,0.82605,0.99799,1,0.995,0.995,0.13718,0.33303,0.71014,0.000236083,0.000236083,0.000236083
37,2692.45,0.17067,0.30751,0.82101,0.99833,1,0.995,0.995,0.12575,0.33639,0.71052,0.000220857,0.000220857,0.000220857
38,2765.16,0.16592,0.30882,0.81767,0.99832,1,0.995,0.995,0.12118,0.32442,0.71155,0.000205631,0.000205631,0.000205631
39,2835.6,0.16538,0.30257,0.82473,0.99814,1,0.995,0.995,0.12339,0.32464,0.71,0.000190404,0.000190404,0.000190404
40,2904.78,0.16197,0.2935,0.81347,0.99832,1,0.995,0.995,0.11846,0.32123,0.70926,0.000175178,0.000175178,0.000175178
41,2975.75,0.14189,0.32112,0.77666,0.99751,1,0.995,0.995,0.12365,0.37148,0.71381,0.000159952,0.000159952,0.000159952
42,3045.92,0.13951,0.31923,0.78573,0.99792,1,0.995,0.995,0.11949,0.31892,0.70663,0.000144726,0.000144726,0.000144726
43,3115.38,0.13084,0.30336,0.77917,0.99779,1,0.995,0.995,0.12178,0.32715,0.70634,0.0001295,0.0001295,0.0001295
44,3186.62,0.13061,0.30016,0.77846,0.99808,1,0.995,0.995,0.10493,0.30969,0.70507,0.000114273,0.000114273,0.000114273
45,3257.12,0.12097,0.29105,0.776,0.99784,1,0.995,0.995,0.10856,0.31418,0.7048,9.90472e-05,9.90472e-05,9.90472e-05
46,3327.05,0.11831,0.28885,0.7774,0.99807,1,0.995,0.995,0.11518,0.31636,0.70608,8.3821e-05,8.3821e-05,8.3821e-05
47,3397.56,0.11897,0.28547,0.77521,0.99807,1,0.995,0.995,0.11386,0.31969,0.70754,6.85948e-05,6.85948e-05,6.85948e-05
48,3467.83,0.11358,0.27797,0.773,0.99796,1,0.995,0.995,0.1087,0.3073,0.70635,5.33686e-05,5.33686e-05,5.33686e-05
49,3540.41,0.11099,0.27386,0.76626,0.99808,1,0.995,0.995,0.1053,0.29911,0.70532,3.81424e-05,3.81424e-05,3.81424e-05
50,3718.74,0.1075,0.27287,0.76754,0.99809,1,0.995,0.995,0.10194,0.30123,0.70539,2.29162e-05,2.29162e-05,2.29162e-05
